客户编码,R,F,M,labels
S10001,15,38,5909783.0,0
S10011,2,31,3887062.0,1
S10016,91,18,2467894.0,2
S10025,10,41,6612251.0,0
S10057,0,38,4763104.0,0
S10058,20,28,4073402.0,1
S10098,73,17,2826573.0,2
S10106,1,14,1798535.0,1
S10110,34,29,3788079.0,1
S10131,166,12,1814803.0,2
S10135,34,38,5755877.0,0
S10136,40,37,5021633.0,0
S10141,16,49,6698344.0,0
S10143,128,17,2418672.0,2
S10158,19,50,6727513.0,0
S10223,1,29,4040248.0,1
S10226,7,17,2381690.0,1
S10253,15,46,7407082.0,0
S10271,79,31,4597139.0,2
S10274,8,10,1728358.0,1
S10283,8,10,1131064.0,1
S10286,10,67,9404797.0,0
S10302,18,24,3273376.0,1
S10311,5,49,6808502.0,0
S10325,10,28,5384687.0,1
S10355,9,30,3895596.0,1
S10359,11,25,3122156.0,1
S10397,10,37,5714343.0,0
S10409,28,7,601716.0,1
S10419,8,34,4914295.0,0
S10423,7,56,7321815.0,0
S10427,26,17,2906056.0,1
S10430,19,34,5539094.0,0
S10438,42,23,2507304.0,1
S10448,29,27,2912996.0,1
S10451,0,34,5482721.0,0
S10462,5,36,4989687.0,0
S10468,62,27,4188220.0,1
S10469,0,30,4198071.0,1
S10476,8,43,6587907.0,0
S10510,69,15,1890918.0,2
S10512,27,14,1800398.0,1
S10520,8,10,1014345.0,1
S10529,31,29,4360568.0,1
S10550,35,13,2458840.0,1
S10554,4,28,4157694.0,1
S10570,111,7,1188888.0,2
S10575,77,14,1215605.0,2
S10576,17,26,3804956.0,1
S10580,46,45,6366323.0,0
S10594,0,40,5799881.0,0
S10596,30,37,5507571.0,0
S10604,23,25,4371675.0,1
S10606,44,35,4422039.0,1
S10607,45,37,5401327.0,0
S10616,46,33,5900038.0,0
S10648,54,7,587084.0,2
S10671,11,40,5469608.0,0
S10710,2,28,4819253.0,1
S10723,14,22,3679041.0,1
S10757,19,13,1222867.0,1
S10763,30,13,1557063.0,1
S10777,11,14,2022068.0,1
S10781,13,33,4589561.0,1
S10786,11,30,3547363.0,1
S10790,13,18,3153226.0,1
S10819,32,22,2777393.0,1
S10825,27,10,1026580.0,1
S10858,27,18,2446101.0,1
S10859,29,65,9427535.0,0
S10860,16,30,4442865.0,1
S10865,12,71,10832270.0,0
S10867,14,20,2457022.0,1
S10902,14,61,8878261.0,0
S10905,59,10,1494794.0,2
S10909,53,23,3674006.0,1
S10915,27,37,4162003.0,1
S10961,1,42,5814722.0,0
S10966,3,46,5783813.0,0
S10972,35,25,4598722.0,1
S10973,8,34,5373822.0,0
S10976,1,24,3312060.0,1
S10983,48,29,4748581.0,1
S10989,29,43,5703143.0,0
S10990,20,30,3420329.0,1
S10996,1,64,9012355.0,0
S11021,20,33,4154126.0,1
S11024,61,39,5283096.0,0
S11028,59,22,3002482.0,1
S11033,35,43,4331395.0,0
S11051,10,43,6368671.0,0
S11055,9,28,3130520.0,1
S11063,6,30,4049772.0,1
S11074,108,15,2567367.0,2
S11080,79,20,2489887.0,2
S11100,9,16,1490969.0,1
S11101,18,29,3203467.0,1
S11104,33,59,8427203.0,0
S11176,113,7,614134.0,2
S11188,2,44,5755711.0,0
S11205,29,42,6069559.0,0
S11209,61,12,1573868.0,2
S11227,0,8,1033613.0,1
S11231,54,21,2994922.0,1
S11237,78,9,1309836.0,2
S11245,4,8,909678.0,1
S11282,101,8,948107.0,2
S11285,39,14,1683378.0,1
S11296,0,39,4820334.0,0
S11303,83,12,1630543.0,2
S11329,22,11,1303330.0,1
S11333,84,28,4216727.0,2
S11334,70,34,5046321.0,1
S11353,9,14,1774869.0,1
S11366,48,23,3119937.0,1
S11368,25,72,11123830.0,0
S11371,5,33,4598679.0,1
S11381,43,26,3756101.0,1
S11385,37,25,3481156.0,1
S11386,102,6,988654.0,2
S11390,15,28,3400867.0,1
S11401,16,20,2372320.0,1
S11411,27,30,4389447.0,1
S11412,43,41,6260571.0,0
S11423,68,21,3218866.0,2
S11446,45,10,2340716.0,1
S11447,29,18,2643589.0,1
S11460,28,61,8591787.0,0
S11472,45,9,1162383.0,1
S11506,6,46,6930796.0,0
S11510,58,11,1165092.0,2
S11543,119,19,2112655.0,2
S11546,12,50,6937955.0,0
S11581,2,79,10333668.0,0
S11596,4,34,4582295.0,1
S11602,0,29,4430713.0,1
S11609,0,42,7326027.0,0
S11611,211,10,1487966.0,2
S11622,17,44,5808850.0,0
S11644,16,37,4444755.0,0
S11667,66,28,4122160.0,1
S11671,20,33,4764444.0,1
S11673,85,11,1510096.0,2
S11674,57,37,5599586.0,0
S11677,25,39,5671556.0,0
S11685,79,20,2495148.0,2
S11690,8,58,8404880.0,0
S11691,57,16,2695185.0,2
S11708,16,34,5526545.0,0
S11743,26,27,4488918.0,1
S11773,0,26,3009549.0,1
S11778,42,17,2052638.0,1
S11785,7,13,2145440.0,1
S11812,17,34,5777373.0,0
S11827,57,7,617540.0,2
S11832,17,43,5017092.0,0
S11834,6,20,2303094.0,1
S11856,82,12,1693518.0,2
S11871,3,42,5350519.0,0
S11874,14,32,4804622.0,1
S11908,205,9,1552311.0,2
S11915,110,6,949882.0,2
S11955,23,31,4067426.0,1
S11956,15,11,1954886.0,1
S11957,18,52,7997458.0,0
S11971,11,28,2657909.0,1
S11995,56,12,1763408.0,2
S11996,17,13,1675497.0,1
S12021,18,20,3764304.0,1
S12026,107,32,4230189.0,2
S12047,36,14,2210486.0,1
S12086,44,40,5888363.0,0
S12095,9,10,1467171.0,1
S12100,83,17,2521749.0,2
S12103,56,27,3560800.0,1
S12106,1,53,8006875.0,0
S12110,19,50,6363728.0,0
S12118,4,24,4096655.0,1
S12122,15,13,1126953.0,1
S12158,17,26,3286165.0,1
S12163,22,39,5816516.0,0
S12176,55,23,2713304.0,1
S12196,63,10,1528659.0,2
S12220,74,22,2885284.0,2
S12234,6,13,2420998.0,1
S12236,37,24,3207001.0,1
S12239,15,13,1611338.0,1
S12256,8,44,7304556.0,0
S12266,5,21,3518771.0,1
S12270,91,35,4401704.0,2
S12272,2,32,4531767.0,1
S12273,92,10,1872360.0,2
S12331,16,29,4059461.0,1
S12347,135,23,2776609.0,2
S12358,60,28,3355122.0,1
S12374,15,53,7464783.0,0
S12385,9,40,4789276.0,0
S12401,115,5,1111204.0,2
S12411,25,29,4080066.0,1
S12418,9,29,3391302.0,1
S12446,33,32,4172761.0,1
S12453,122,17,2079219.0,2
S12455,9,33,4353415.0,1
S12463,172,7,345919.0,2
S12467,32,31,4011448.0,1
S12471,19,30,3895055.0,1
S12494,6,9,2125627.0,1
S12498,119,11,1420349.0,2
S12504,17,9,1154483.0,1
S12523,47,33,5534537.0,0
S12533,21,11,1810979.0,1
S12547,1,9,1312667.0,1
S12572,129,45,5465772.0,2
S12578,2,39,5254330.0,0
S12592,15,43,5474777.0,0
S12599,6,16,2863683.0,1
S12608,94,16,2457221.0,2
S12621,27,13,1241425.0,1
S12638,26,29,4306595.0,1
S12660,31,32,5075014.0,1
S12675,29,60,7613494.0,0
S12688,22,20,2486835.0,1
S12690,146,7,917233.0,2
S12713,71,14,1202530.0,2
S12719,3,54,8170462.0,0
S12746,23,26,4370267.0,1
S12763,34,72,10346415.0,0
S12770,11,23,3228379.0,1
S12804,21,22,3192342.0,1
S12814,7,47,6543973.0,0
S12832,6,20,2825122.0,1
S12840,88,5,727759.0,2
S12848,1,66,9673572.0,0
S12869,76,17,2844651.0,2
S12871,23,62,8503332.0,0
S12897,16,17,2227655.0,1
S12908,24,10,1142344.0,1
S12979,86,9,1181991.0,2
S12993,32,22,3413246.0,1
S13004,12,13,1256723.0,1
S13008,38,33,3841370.0,1
S13020,31,55,7930990.0,0
S13033,37,11,1805071.0,1
S13058,22,25,3079268.0,1
S13061,34,36,4831911.0,0
S13067,20,25,3686213.0,1
S13070,62,11,1678263.0,2
S13083,1,25,3498771.0,1
S13102,33,29,3446675.0,1
S13106,15,39,4699592.0,0
S13107,7,31,4344524.0,1
S13115,30,35,4696426.0,1
S13119,20,35,5727973.0,0
S13157,11,36,4911588.0,0
S13166,8,62,9064290.0,0
S13200,21,73,11769422.0,0
S13202,13,27,4323822.0,1
S13205,114,11,2699168.0,2
S13222,132,13,1759095.0,2
S13232,68,13,2285906.0,2
S13234,9,59,8950209.0,0
S13235,71,30,3924448.0,2
S13238,20,18,2401658.0,1
S13244,12,59,10087095.0,0
S13257,8,38,4889450.0,0
S13259,121,6,645925.0,2
S13266,14,35,4662074.0,0
S13281,3,27,3746023.0,1
S13287,34,47,6384700.0,0
S13298,10,41,6022499.0,0
S13312,46,22,2961518.0,1
S13359,91,16,2293300.0,2
S13380,6,32,5125780.0,0
S13440,54,39,5576857.0,0
S13453,35,18,2415248.0,1
S13467,14,14,1864938.0,1
S13473,0,6,834163.0,1
S13487,52,28,4408935.0,1
S13492,68,27,3505104.0,2
S13498,6,36,5558329.0,0
S13509,53,7,1140269.0,2
S13524,16,14,2023889.0,1
S13535,60,14,1985606.0,2
S13539,48,20,2101742.0,1
S13554,1,23,2593259.0,1
S13568,34,48,6100127.0,0
S13571,19,38,5710877.0,0
S13578,7,58,7126398.0,0
S13589,21,8,1030727.0,1
S13622,44,14,1806222.0,1
S13627,22,37,5108900.0,0
S13642,19,21,2473015.0,1
S13643,20,28,3958861.0,1
S13654,25,19,2629272.0,1
S13664,68,45,6126479.0,0
S13676,3,27,3502977.0,1
S13701,13,39,5381256.0,0
S13711,70,32,4544393.0,2
S13712,3,21,3177585.0,1
S13716,4,38,4952730.0,0
S13734,7,40,5053739.0,0
S13766,35,15,1907887.0,1
S13768,33,24,3209913.0,1
S13775,77,8,1726209.0,2
S13780,1,33,5490310.0,0
S13795,17,15,1992546.0,1
S13802,6,39,5491391.0,0
S13810,43,10,1393635.0,1
S13825,17,11,2006187.0,1
S13839,18,24,3057519.0,1
S13850,48,10,1256288.0,1
S13861,45,14,1581863.0,1
S13862,78,9,1307686.0,2
S13870,0,40,5727591.0,0
S13871,20,26,4574347.0,1
S13886,36,43,5831917.0,0
S13900,58,12,1860344.0,2
S13928,15,9,1395265.0,1
S13934,29,19,2977390.0,1
S13966,27,28,4017983.0,1
S13981,28,21,2418082.0,1
S14004,55,16,2687756.0,1
S14033,3,21,3269717.0,1
S14049,14,9,1455535.0,1
S14052,20,67,10672627.0,0
S14059,31,38,6436567.0,0
S14068,26,10,1267892.0,1
S14069,123,8,1144624.0,2
S14106,18,71,8761285.0,0
S14115,39,25,2528990.0,1
S14137,0,41,5522367.0,0
S14150,23,14,1865752.0,1
S14207,29,27,3282321.0,1
S14213,26,61,7577431.0,0
S14231,25,48,7232280.0,0
S14250,22,36,5712767.0,0
S14258,57,41,5589815.0,0
S14260,21,26,3243317.0,1
S14268,22,27,4110562.0,1
S14278,24,27,3856762.0,1
S14280,6,22,3136162.0,1
S14308,57,46,6565452.0,0
S14311,40,12,2099929.0,1
S14313,0,60,7297569.0,0
S14319,42,25,3684695.0,1
S14321,1,23,3094045.0,1
S14322,26,17,2343087.0,1
S14335,32,19,3022452.0,1
S14339,73,19,2167011.0,2
S14357,43,20,3116932.0,1
S14362,49,36,6282091.0,0
S14370,114,8,2160151.0,2
S14376,12,52,6831829.0,0
S14389,48,37,5122037.0,0
S14393,30,18,3001685.0,1
S14412,110,33,4358357.0,2
S14421,0,47,6367685.0,0
S14422,30,38,6678485.0,0
S14424,47,7,1109924.0,1
S14444,0,50,6582929.0,0
S14453,6,59,7401804.0,0
S14454,21,20,2432937.0,1
S14495,40,28,3319465.0,1
S14503,6,56,7242467.0,0
S14506,37,22,3200288.0,1
S14517,28,23,3098755.0,1
S14525,4,28,4232154.0,1
S14536,59,15,1729832.0,2
S14543,34,30,4351406.0,1
S14544,55,22,3344697.0,1
S14563,56,17,2125719.0,2
S14593,13,45,6696541.0,0
S14630,36,40,5310820.0,0
S14649,26,48,7440821.0,0
S14664,5,30,3409765.0,1
S14681,124,9,1409069.0,2
S14689,9,28,3540788.0,1
S14732,36,11,1062765.0,1
S14741,8,41,5903508.0,0
S14742,13,26,3897699.0,1
S14743,4,32,4000251.0,1
S14744,21,34,5179365.0,0
S14760,40,18,3282240.0,1
S14775,19,50,7541380.0,0
S14776,10,17,2596176.0,1
S14783,44,52,7137612.0,0
S14812,2,40,5225699.0,0
S14821,38,11,1544230.0,1
S14823,32,38,5739443.0,0
S14831,6,26,4145433.0,1
S14838,41,53,7378541.0,0
S14854,21,34,4451004.0,1
S14880,16,26,3312984.0,1
S14892,41,29,4477843.0,1
S14898,30,21,2871651.0,1
S14899,39,11,1052993.0,1
S14911,26,49,7403359.0,0
S14915,69,11,1998696.0,2
S14926,7,34,5395473.0,0
S14947,12,16,3108133.0,1
S14953,2,45,6037810.0,0
S14974,3,12,1121266.0,1
S15000,21,17,1480683.0,1
S15010,103,15,2428342.0,2
S15014,31,68,9348577.0,0
S15026,51,13,1818881.0,1
S15036,13,37,6194971.0,0
S15037,73,32,4220478.0,2
S15043,2,27,3304250.0,1
S15050,92,20,3023428.0,2
S15064,40,7,691514.0,1
S15066,4,28,3914824.0,1
S15071,20,29,4074177.0,1
S15085,53,19,2609281.0,1
S15089,46,16,1843334.0,1
S15092,43,36,5051394.0,0
S15103,60,43,5740153.0,0
S15104,13,13,2214433.0,1
S15105,72,33,5367307.0,0
S15116,0,31,3973905.0,1
S15125,42,46,6526612.0,0
S15128,13,54,6972689.0,0
S15155,3,74,10024347.0,0
S15175,23,48,6853677.0,0
S15187,18,31,4546758.0,1
S15200,27,21,4017932.0,1
S15251,11,20,3350628.0,1
S15265,7,22,2605914.0,1
S15275,11,55,8348064.0,0
S15280,10,25,4079819.0,1
S15283,48,29,3121199.0,1
S15291,98,8,1262193.0,2
S15310,37,42,6344151.0,0
S15315,114,8,1149690.0,2
S15317,20,31,4091240.0,1
S15320,10,55,8755617.0,0
S15332,34,52,8390094.0,0
S15344,7,10,1021687.0,1
S15352,43,40,7012598.0,0
S15361,16,48,6604056.0,0
S15407,52,23,3764839.0,1
S15410,27,29,4093034.0,1
S15411,26,27,3366864.0,1
S15417,8,32,3821227.0,1
S15439,20,28,4311148.0,1
S15443,40,20,2652965.0,1
S15466,14,61,9660874.0,0
S15489,18,50,6043588.0,0
S15501,9,61,8328827.0,0
S15515,17,45,5691964.0,0
S15522,118,10,1253375.0,2
S15527,25,26,3391186.0,1
S15535,0,46,7788376.0,0
S15549,21,24,3247453.0,1
S15553,75,8,1260715.0,2
S15563,130,27,4004540.0,2
S15591,38,52,7995151.0,0
S15592,68,13,1690453.0,2
S15600,44,35,5720406.0,0
S15604,4,47,6565373.0,0
S15608,22,23,3021955.0,1
S15631,17,42,6766829.0,0
S15632,5,49,7351881.0,0
S15638,1,39,6603991.0,0
S15639,38,23,2960483.0,1
S15642,18,59,11042893.0,0
S15649,30,25,3400994.0,1
S15702,4,7,781489.0,1
S15707,39,19,2408889.0,1
S15710,32,28,3980239.0,1
S15715,13,16,2594902.0,1
S15731,68,13,1506967.0,2
S15732,5,33,4979586.0,0
S15762,3,24,3391195.0,1
S15789,17,13,2087486.0,1
S15803,32,57,8342016.0,0
S15840,37,17,2353717.0,1
S15852,4,62,8342069.0,0
S15863,16,34,6456952.0,0
S15865,43,39,4148655.0,1
S15878,29,58,9636076.0,0
S15879,31,14,1481951.0,1
S15889,7,21,2342571.0,1
S15901,27,22,3077702.0,1
S15908,9,46,6741587.0,0
S15910,54,34,2929921.0,1
S15935,69,4,363336.0,2
S15944,46,8,1352494.0,1
S15958,20,5,993346.0,1
S15966,50,40,6504352.0,0
S15969,6,50,7277340.0,0
S16055,21,28,3887254.0,1
S16068,26,15,2440517.0,1
S16071,35,30,4051221.0,1
S16106,16,23,3045827.0,1
S16115,93,10,1530459.0,2
S16124,10,31,4247107.0,1
S16129,15,20,3086513.0,1
S16130,6,35,5851236.0,0
S16143,55,10,1701700.0,2
S16149,3,34,4063713.0,1
S16157,153,12,976539.0,2
S16170,8,25,2733842.0,1
S16184,12,44,5654029.0,0
S16189,69,21,3267044.0,2
S16197,43,13,2173833.0,1
S16233,29,15,1686949.0,1
S16237,22,45,6809643.0,0
S16243,90,13,1424709.0,2
S16244,28,15,2463478.0,1
S16281,3,38,6739395.0,0
S16284,61,17,2582852.0,2
S16286,19,48,5251358.0,0
S16292,8,30,5288440.0,0
S16308,30,20,2900696.0,1
S16310,9,32,4390047.0,1
S16312,43,25,2994321.0,1
S16318,75,13,2091204.0,2
S16319,6,11,2034837.0,1
S16330,3,52,7120602.0,0
S16365,15,59,9199483.0,0
S16388,26,11,1152527.0,1
S16400,10,9,1276802.0,1
S16423,8,22,2750259.0,1
S16440,48,25,3808238.0,1
S16465,3,19,2099014.0,1
S16477,1,15,2418278.0,1
S16478,7,54,8469909.0,0
S16488,8,44,6463271.0,0
S16489,5,26,3189943.0,1
S16493,6,33,4580148.0,1
S16503,176,14,1682893.0,2
S16507,37,33,4436366.0,1
S16510,40,51,6210533.0,0
S16548,18,30,4318940.0,1
S16573,4,54,7226044.0,0
S16577,45,12,2392618.0,1
S16592,35,17,2361909.0,1
S16596,94,10,1394971.0,2
S16628,16,20,3407107.0,1
S16637,37,40,5374000.0,0
S16639,9,38,5085503.0,0
S16649,40,34,4916254.0,1
S16650,32,41,6432031.0,0
S16659,71,7,975371.0,2
S16669,79,32,5129814.0,2
S16672,8,19,2933108.0,1
S16703,12,34,4987650.0,0
S16709,1,30,4349329.0,1
S16748,22,39,4679550.0,0
S16775,62,37,5318102.0,0
S16804,78,22,2910915.0,2
S16806,31,36,5424679.0,0
S16825,7,22,2831877.0,1
S16830,115,8,1191382.0,2
S16843,21,30,3984800.0,1
S16848,84,14,2064727.0,2
S16856,10,35,3691769.0,1
S16884,41,22,2695314.0,1
S16891,39,9,1024284.0,1
S16910,28,20,3254187.0,1
S16915,6,36,5408973.0,0
S16924,1,10,832400.0,1
S16925,5,26,3080074.0,1
S16940,23,25,3391617.0,1
S16943,4,44,5550718.0,0
S16975,57,14,2187647.0,2
S17015,8,20,2426165.0,1
S17016,35,30,4547768.0,1
S17021,4,53,7496321.0,0
S17028,7,38,5295024.0,0
S17044,31,36,4899829.0,0
S17046,8,51,6843667.0,0
S17057,3,30,5511765.0,0
S17063,51,26,2992746.0,1
S17070,1,29,4531125.0,1
S17072,1,53,6695374.0,0
S17092,99,13,1558712.0,2
S17095,51,21,2405033.0,1
S17133,0,31,5279033.0,0
S17136,13,15,1839289.0,1
S17140,10,32,5168738.0,0
S17150,40,30,4332993.0,1
S17159,4,19,2448755.0,1
S17166,0,17,3627037.0,1
S17168,81,16,2402007.0,2
S17175,24,20,2790973.0,1
S17181,38,30,3185800.0,1
S17191,4,22,2941483.0,1
S17197,39,19,3238764.0,1
S17198,44,11,1360360.0,1
S17207,22,16,2264023.0,1
S17229,6,41,5391419.0,0
S17236,37,23,2842221.0,1
S17243,8,29,4287825.0,1
S17255,36,12,2185354.0,1
S17261,1,40,6377445.0,0
S17269,55,11,1981109.0,2
S17272,45,55,7009160.0,0
S17280,113,11,1446407.0,2
S17292,5,18,3183377.0,1
S17309,32,20,2238131.0,1
S17322,23,20,2732100.0,1
S17323,20,26,3694679.0,1
S17325,56,14,2377299.0,2
S17327,31,18,2365210.0,1
S17329,12,20,2768839.0,1
S17338,23,17,2237066.0,1
S17365,51,16,1892586.0,1
S17375,26,21,3317731.0,1
S17378,39,16,2252508.0,1
S17389,22,31,5022849.0,1
S17399,2,27,3627267.0,1
S17401,80,13,1351510.0,2
S17406,59,45,6973844.0,0
S17439,66,11,1306487.0,2
S17452,106,11,1609262.0,2
S17455,22,17,2179434.0,1
S17463,47,16,2582202.0,1
S17465,24,34,5026089.0,0
S17471,21,37,5227048.0,0
S17476,0,68,10258002.0,0
S17515,25,24,3289423.0,1
S17547,200,10,1784531.0,2
S17553,9,36,5591036.0,0
S17555,54,35,4455613.0,1
S17559,27,56,7757880.0,0
S17565,147,24,2953680.0,2
S17575,1,38,5660091.0,0
S17589,64,17,2927322.0,2
S17593,72,13,1463860.0,2
S17602,66,17,2383776.0,2
S17606,49,19,3322348.0,1
S17622,33,27,4138991.0,1
S17631,37,33,4436337.0,1
S17640,36,12,1454850.0,1
S17651,19,57,10453809.0,0
S17656,16,37,4759318.0,0
S17675,14,43,5208323.0,0
S17681,1,23,3633855.0,1
S17686,21,24,2782929.0,1
S17717,34,6,786567.0,1
S17720,38,36,6015705.0,0
S17729,12,58,9160235.0,0
S17750,25,18,3215185.0,1
S17751,93,10,1621851.0,2
S17785,77,8,803472.0,2
S17807,83,20,2197050.0,2
S17812,1,56,7355174.0,0
S17819,38,30,4588573.0,1
S17820,70,14,2411261.0,2
S17824,35,31,4377891.0,1
S17833,8,33,5730620.0,0
S17841,10,70,9050936.0,0
S17864,6,33,5155163.0,0
S17873,26,23,2962041.0,1
S17903,35,19,2647902.0,1
S17910,29,24,3361430.0,1
S17936,5,69,10487901.0,0
S17942,5,40,6099229.0,0
S17946,19,30,4331747.0,1
S17953,2,60,8375785.0,0
S17955,83,11,1933465.0,2
S17973,91,20,2668717.0,2
S17985,18,40,5529477.0,0
S18003,17,79,10471694.0,0
S18019,4,18,2240911.0,1
S18020,36,22,3100039.0,1
S18023,25,39,5910840.0,0
S18044,14,20,2590042.0,1
S18062,22,47,6811481.0,0
S18086,19,17,2921905.0,1
S18089,46,8,852665.0,1
S18090,143,9,1279609.0,2
S18111,28,33,4637122.0,1
S18131,5,65,9563231.0,0
S18132,1,37,6490515.0,0
S18164,3,29,3835674.0,1
S18179,32,33,5235667.0,0
S18189,7,31,4237228.0,1
S18190,76,14,1336283.0,2
S18197,35,57,8965272.0,0
S18224,7,71,10101091.0,0
S18227,31,16,2479622.0,1
S18263,74,7,611462.0,2
S18277,60,22,2138299.0,2
S18351,9,42,7911343.0,0
S18360,0,12,2141652.0,1
S18364,78,23,3686201.0,2
S18379,87,4,400195.0,2
S18388,4,48,6827726.0,0
S18395,50,46,8154201.0,0
S18398,0,9,1509763.0,1
S18400,1,21,3884245.0,1
S18419,22,15,3589830.0,1
S18429,10,57,7483159.0,0
S18445,0,55,8089193.0,0
S18472,3,9,1597498.0,1
S18495,38,34,4553921.0,1
S18506,2,23,2936651.0,1
S18507,0,44,7490265.0,0
S18519,5,11,2064874.0,1
S18552,47,27,3618560.0,1
S18569,43,29,4599158.0,1
S18571,139,17,2210341.0,2
S18573,22,21,3305574.0,1
S18595,1,30,4508760.0,1
S18601,3,12,1964006.0,1
S18606,36,51,7036059.0,0
S18611,22,35,5290104.0,0
S18621,4,46,6355445.0,0
S18625,56,29,3306266.0,1
S18634,39,17,2538000.0,1
S18666,11,22,2678224.0,1
S18674,44,51,7725202.0,0
S18696,49,43,6587610.0,0
S18701,38,10,1586692.0,1
S18702,44,44,5853288.0,0
S18710,100,12,1594535.0,2
S18720,3,57,8343950.0,0
S18730,42,17,2859298.0,1
S18733,20,27,4147864.0,1
S18740,33,12,1452706.0,1
S18744,37,7,658136.0,1
S18776,10,21,3683523.0,1
S18810,21,48,5851103.0,0
S18819,5,34,4406483.0,1
S18848,18,11,1609744.0,1
S18858,65,28,3872353.0,1
S18863,29,25,3687272.0,1
S18884,1,53,7650543.0,0
S18899,29,22,3089802.0,1
S18911,5,42,5961381.0,0
S18936,9,63,9206845.0,0
S18955,113,17,2520047.0,2
S18959,17,21,3536796.0,1
S18978,25,26,3211677.0,1
S18979,32,25,3565129.0,1
S19012,3,35,5224175.0,0
S19023,101,34,4476712.0,2
S19027,57,45,5404094.0,0
S19039,9,30,4283506.0,1
S19040,10,26,3825999.0,1
S19086,25,15,1674596.0,1
S19095,4,81,11031632.0,0
S19110,64,9,766509.0,2
S19117,29,19,2492297.0,1
S19123,41,19,2589023.0,1
S19139,48,26,4138042.0,1
S19167,38,18,2378143.0,1
S19170,15,38,5881462.0,0
S19194,135,11,1137103.0,2
S19231,21,49,7046026.0,0
S19238,35,46,5932662.0,0
S19304,4,27,3698868.0,1
S19309,11,55,7753411.0,0
S19316,25,27,4340227.0,1
S19344,13,28,4203721.0,1
S19346,4,9,997019.0,1
S19350,51,13,1925425.0,1
S19375,7,51,6346681.0,0
S19395,4,44,7501029.0,0
S19406,70,21,2657567.0,2
S19409,42,13,1371403.0,1
S19426,5,51,8096101.0,0
S19445,46,18,2714849.0,1
S19460,2,46,6264840.0,0
S19485,0,9,1463984.0,1
S19493,70,28,4132068.0,2
S19512,0,18,3021545.0,1
S19514,4,23,4036880.0,1
S19517,50,45,5852973.0,0
S19533,81,24,3045666.0,2
S19538,5,51,6912014.0,0
S19570,42,9,1193597.0,1
S19577,24,28,4217901.0,1
S19579,38,60,9938702.0,0
S19580,3,39,5146335.0,0
S19583,16,40,5833628.0,0
S19593,19,36,5112789.0,0
S19605,93,24,3202866.0,2
S19626,106,7,1424916.0,2
S19627,42,32,4705611.0,1
S19641,54,36,5848600.0,0
S19657,23,64,10569468.0,0
S19682,3,23,3880531.0,1
S19684,45,40,5310718.0,0
S19686,7,30,4490225.0,1
S19688,64,8,1366376.0,2
S19705,23,26,4034101.0,1
S19706,30,38,5356007.0,0
S19707,42,6,647204.0,1
S19709,2,42,5085046.0,0
S19718,1,35,4589254.0,0
S19726,32,39,4606490.0,0
S19738,36,35,4799694.0,0
S19748,31,18,1755551.0,1
S19759,4,43,6010817.0,0
S19763,4,20,2947590.0,1
S19779,19,53,8737872.0,0
S19793,50,32,4729945.0,1
S19794,5,25,3495633.0,1
S19824,90,27,4639319.0,2
S19828,0,21,2642275.0,1
S19840,19,43,5980790.0,0
S19851,43,24,3114608.0,1
S19878,83,11,1713571.0,2
S19880,12,11,1049575.0,1
S19890,10,23,4248573.0,1
S19891,6,26,3066021.0,1
S19916,17,35,5161893.0,0
S19956,3,43,6938748.0,0
S19969,53,26,3131304.0,1
S19980,0,48,6193738.0,0
S19982,62,20,2822007.0,2
S20000,32,13,1392703.0,1
S20004,1,45,6093200.0,0
S20022,24,24,3749429.0,1
S20033,40,12,1877576.0,1
S20038,16,67,9984165.0,0
S20045,94,11,1712271.0,2
S20047,74,39,4331843.0,2
S20055,22,31,4031105.0,1
S20063,27,11,1643942.0,1
S20068,39,24,3286723.0,1
S20071,2,18,2864061.0,1
S20083,5,52,7077877.0,0
S20091,10,38,5310134.0,0
S20101,0,33,5634284.0,0
S20112,26,33,4690054.0,1
S20114,13,42,5917209.0,0
S20121,93,12,1851788.0,2
S20124,14,35,6033422.0,0
S20141,57,52,7483681.0,0
S20157,71,10,1208305.0,2
S20162,37,39,4869886.0,0
S20176,14,14,1398933.0,1
S20185,0,48,6019498.0,0
S20189,12,60,8031588.0,0
S20198,28,21,2949588.0,1
S20229,39,29,4794290.0,1
S20236,13,31,3931764.0,1
S20261,2,25,3450121.0,1
S20267,24,37,4814745.0,0
S20274,0,50,7572475.0,0
S20281,10,38,5443617.0,0
S20286,0,10,1955653.0,1
S20293,21,33,4891036.0,1
S20307,54,20,2539936.0,1
S20333,79,14,2054039.0,2
S20342,30,32,4172549.0,1
S20363,65,20,3651941.0,2
S20391,38,15,2245136.0,1
S20395,31,19,2917997.0,1
S20405,35,60,7942599.0,0
S20417,12,72,8892219.0,0
S20433,13,45,6530596.0,0
S20442,22,55,7667171.0,0
S20464,7,42,6840424.0,0
S20497,78,37,6141837.0,0
S20504,51,21,2413137.0,1
S20522,33,39,5855736.0,0
S20547,10,46,6992442.0,0
S20579,21,7,1170210.0,1
S20581,10,21,3355219.0,1
S20596,76,8,1523659.0,2
S20604,13,21,2711869.0,1
S20611,1,18,2978299.0,1
S20614,2,27,3807295.0,1
S20629,22,24,2630005.0,1
S20643,6,49,6474703.0,0
S20644,0,36,5472128.0,0
S20654,50,8,1108499.0,2
S20663,42,62,8863816.0,0
S20667,59,34,4604350.0,1
S20675,15,37,5957739.0,0
S20717,44,12,1618423.0,1
S20740,8,13,1607364.0,1
S20747,1,54,7765000.0,0
S20750,37,10,1986575.0,1
S20751,23,8,1334315.0,1
S20784,1,23,3136792.0,1
S20792,3,20,3111748.0,1
S20797,34,36,4334525.0,1
S20800,20,38,5295568.0,0
S20802,58,11,1888265.0,2
S20808,14,16,2569066.0,1
S20830,22,16,2747292.0,1
S20834,89,16,2941776.0,2
S20837,12,47,6275537.0,0
S20849,25,49,6279301.0,0
S20853,30,55,8027549.0,0
S20864,200,8,1118752.0,2
S20877,37,23,3097163.0,1
S20878,15,17,2588088.0,1
S20891,60,21,2707588.0,2
S20896,5,44,5828196.0,0
S20906,7,21,2363618.0,1
S20933,42,36,4314408.0,1
S20935,6,12,1594644.0,1
S20945,74,5,351094.0,2
S20946,14,25,3049914.0,1
S20947,22,22,3552363.0,1
S20955,84,12,1397544.0,2
S20992,67,15,1944612.0,2
S20995,6,53,7307778.0,0
S20997,22,24,3847121.0,1
S21024,19,39,5591232.0,0
S21036,49,29,3412696.0,1
S21043,12,49,6533271.0,0
S21058,7,32,4169501.0,1
S21059,13,32,4843250.0,1
S21120,3,16,1793628.0,1
S21157,4,20,3382691.0,1
S21166,2,25,3002767.0,1
S21168,28,45,4997677.0,0
S21193,9,3,402270.0,1
S21216,7,10,1346459.0,1
S21234,27,24,2989057.0,1
S21246,5,21,3307122.0,1
S21250,0,25,3617000.0,1
S21255,8,32,4394947.0,1
S21258,148,9,1534489.0,2
S21267,10,15,2629891.0,1
S21278,4,34,5227064.0,0
S21315,1,25,3140571.0,1
S21324,2,47,7042156.0,0
S21325,7,82,11909428.0,0
S21335,14,28,3454010.0,1
S21358,52,38,5053177.0,0
S21365,29,54,7494361.0,0
S21374,18,48,6745149.0,0
S21377,35,14,2558903.0,1
S21383,76,20,2957787.0,2
S21387,29,16,1864026.0,1
S21395,78,20,3702229.0,2
S21396,43,25,3414148.0,1
S21405,45,14,2238387.0,1
S21411,16,12,1834568.0,1
S21452,147,9,1307745.0,2
S21503,105,15,2364549.0,2
S21514,4,43,6083405.0,0
S21521,6,34,5238461.0,0
S21531,0,57,7953045.0,0
S21536,0,22,2323819.0,1
S21595,8,43,5769279.0,0
S21647,32,30,4541553.0,1
S21656,18,37,5840218.0,0
S21677,18,24,3149949.0,1
S21685,11,22,3199825.0,1
S21696,18,35,4819814.0,0
S21701,21,54,7106865.0,0
S21705,22,13,1604255.0,1
S21714,2,50,7405477.0,0
S21735,26,43,7367580.0,0
S21738,99,13,1516497.0,2
S21747,24,37,5320835.0,0
S21760,19,23,3757221.0,1
S21763,49,32,4491034.0,1
S21805,74,15,2113283.0,2
S21827,156,12,1579474.0,2
S21838,7,54,8272389.0,0
S21846,66,9,1566788.0,2
S21887,127,12,1361538.0,2
S21890,15,37,5845627.0,0
S21933,67,9,1182365.0,2
S21939,13,37,5492669.0,0
S21940,40,25,3706283.0,1
S21964,2,40,4901572.0,0
S21976,61,25,3519520.0,1
S21980,39,13,1539944.0,1
S21996,0,24,3099394.0,1
S21997,160,13,1374726.0,2
S22004,46,25,3786346.0,1
S22032,14,47,5686060.0,0
S22035,122,15,2128781.0,2
S22050,4,11,1693141.0,1
S22072,12,43,5497194.0,0
S22088,60,12,1997981.0,2
S22090,15,25,3252166.0,1
S22121,31,30,3921006.0,1
S22123,37,33,4443361.0,1
S22126,50,31,4427389.0,1
S22142,42,11,1777726.0,1
S22146,73,19,3521637.0,2
S22152,118,13,1826746.0,2
S22155,53,19,2446681.0,1
S22161,29,24,2950566.0,1
S22173,15,49,7773754.0,0
S22188,25,40,5120688.0,0
S22214,18,47,6221260.0,0
S22253,17,26,3321470.0,1
S22256,57,43,5760934.0,0
S22258,17,31,3660070.0,1
S22259,37,44,5654835.0,0
S22268,3,26,3562384.0,1
S22269,4,39,6246763.0,0
S22272,24,19,2433727.0,1
S22274,37,15,2923670.0,1
S22287,0,3,720165.0,1
S22289,5,54,8038893.0,0
S22297,38,38,5607522.0,0
S22301,13,40,5782922.0,0
S22326,0,62,10074609.0,0
S22350,10,35,5006536.0,0
S22374,37,10,1417451.0,1
S22391,1,47,7766918.0,0
S22399,2,50,6452178.0,0
S22401,55,10,1149686.0,2
S22423,2,43,5903222.0,0
S22442,11,38,5744625.0,0
S22445,16,38,6301947.0,0
S22502,11,42,5736682.0,0
S22510,101,13,1745707.0,2
S22515,0,42,6111998.0,0
S22524,11,47,5255568.0,0
S22553,13,55,8869499.0,0
S22562,83,36,4007105.0,2
S22577,81,27,3259601.0,2
S22578,7,42,5545091.0,0
S22618,13,29,4381253.0,1
S22623,13,21,2752281.0,1
S22631,24,43,7511042.0,0
S22640,42,24,3427472.0,1
S22659,43,39,6248408.0,0
S22660,21,32,4797422.0,1
S22665,30,8,1082916.0,1
S22679,21,38,5677072.0,0
S22680,14,30,3837041.0,1
S22693,7,25,3705104.0,1
S22695,40,20,2841539.0,1
S22702,22,37,5242388.0,0
S22706,20,46,6202709.0,0
S22714,6,35,4579137.0,0
S22743,25,46,5807466.0,0
S22744,0,52,7249028.0,0
S22753,12,36,3639328.0,1
S22773,13,80,10784143.0,0
S22793,4,51,6576136.0,0
S22796,27,54,7983943.0,0
S22813,92,27,3400988.0,2
S22814,4,40,5800563.0,0
S22825,45,11,995423.0,1
S22845,13,22,2627146.0,1
S22854,22,33,5474010.0,0
S22878,90,6,696614.0,2
S22885,69,12,1266554.0,2
S22887,0,44,5614524.0,0
S22919,54,23,3174909.0,1
S22925,0,31,3449117.0,1
S22930,47,33,4539500.0,1
S22955,7,48,5142429.0,0
S22960,10,27,3724366.0,1
S22963,3,36,5731252.0,0
S22968,11,14,1815858.0,1
S22973,66,26,4883924.0,1
S22984,12,50,6332695.0,0
S23002,5,32,4940958.0,1
S23003,56,21,3726475.0,1
S23008,59,9,1194679.0,2
S23010,7,19,2099264.0,1
S23019,25,39,6004061.0,0
S23023,61,43,6240314.0,0
S23033,41,9,1058644.0,1
S23038,3,21,2606725.0,1
S23045,4,42,5161498.0,0
S23047,25,27,4120427.0,1
S23051,31,6,358118.0,1
S23062,25,9,1111022.0,1
S23081,15,15,2367383.0,1
S23112,62,32,5870833.0,0
S23119,12,68,8146101.0,0
S23139,62,21,2259247.0,2
S23144,9,39,5041591.0,0
S23207,38,19,2629213.0,1
S23214,0,16,2208865.0,1
S23247,83,18,1935552.0,2
S23249,6,53,7445347.0,0
S23256,3,55,8292537.0,0
S23299,2,25,3732414.0,1
S23312,9,55,6530420.0,0
S23313,9,42,6219869.0,0
S23337,21,10,1468376.0,1
